id;name;email;phone_number;gender;dob;address_line_1;address_line_2;address_line_3;address_line_4;town_city;zip;state;country;create_date;modified_date
1;Assistant;Aubrey45@yahoo.com;program orchid Investment Account;FEMALE;SQL;index;Auto Loan Account;Cotton;Implementation Western Sahara generate;scale deposit;Tennessee relationships Ball;full-range;Samoa;2020-12-16T19:35:35;2020-12-16T16:49:13
2;azure Soft Villages;Russell.Wolf@gmail.com;Uzbekistan Sum;MALE;Ergonomic California withdrawal;invoice secondary database;multi-byte;deposit transmit violet;Licensed;Kids;Chicken plum Accounts;multi-tasking calculate initiatives;Antigua and Barbuda;2020-12-17T06:55:58;2020-12-16T13:32:25
3;redundant;Roderick.Oberbrunner16@yahoo.com;RSS Personal Loan Account;MALE;FTP Rustic;Re-engineered;Refined Hat Hat;Central African Republic Georgia;Robust ivory Ports;Future;transmitting Home Loan Account;Handcrafted Metrics;Republic of Korea;2020-12-17T08:13:13;2020-12-17T02:26:17
4;Rubber overriding Rustic Cotton Table;Emery40@hotmail.com;Australian Dollar Via Stravenue;MALE;Generic Concrete Bacon Equatorial Guinea Fall;transitional Forint Steel;real-time;Clothing;upward-trending Checking Account overriding;Buckinghamshire Tala backing up;Future Egypt;Intranet Ramp Latvian Lats;Tonga;2020-12-16T14:18:08;2020-12-16T15:26:30
5;deposit neural Isle of Man;Madge_Kohler@hotmail.com;Gorgeous Fresh Keyboard reboot Cocos (Keeling) Islands;MALE;bypass embrace;Specialist South Carolina indexing;monitor synthesizing salmon;Executive full-range back up;neural Games orange;multi-byte hard drive Loaf;microchip fuchsia;Fantastic invoice;South Africa;2020-12-16T21:12:30;2020-12-17T00:35:32
6;needs-based;Julie_Rogahn54@gmail.com;Wooden deposit;MALE;online calculate turquoise;Graphical User Interface Rhode Island Mandatory;Tajikistan;Ville payment Parkway;scalable Washington foreground;SSL;transparent Developer;Cambridgeshire uniform;Libyan Arab Jamahiriya;2020-12-16T17:54:59;2020-12-16T21:58:17
7;Wooden uniform;Tevin_Strosin95@hotmail.com;Fantastic Lithuania radical;MALE;parse Clothing;methodologies;Netherlands Antillian Guilder Avon Awesome;Upgradable Health Assistant;backing up e-tailers;Home Loan Account;zero tolerance Lakes;Grocery;Western Sahara;2020-12-17T08:05:07;2020-12-17T05:48:34
8;Bedfordshire invoice Comoro Franc;Ila_Schuppe@yahoo.com;Pennsylvania Web Georgia;FEMALE;embrace sexy concept;Investor Checking Account Pula;calculating;Brand payment back up;web-readiness Executive circuit;Junction Fresh open-source;convergence XSS;Markets;El Salvador;2020-12-17T04:08:08;2020-12-17T04:03:36
9;Fantastic Quetzal Paraguay;Ladarius_MacGyver@yahoo.com;hack;MALE;Lead optimize;Supervisor implementation Generic;Kiribati;HDD Multi-channelled;Arizona override;Automotive experiences;Developer Factors methodologies;Ergonomic;Botswana;2020-12-16T12:48:18;2020-12-17T11:40:13
10;Licensed Cotton Car definition;Ruthe.Larson@gmail.com;Dynamic Bedfordshire withdrawal;MALE;Ergonomic Concrete Pizza;moratorium;Refined Cotton Pants Rustic Granite Chair;PCI magenta;Kansas Solutions target;Iraqi Dinar Estate;Handcrafted Metal Hat integrated Analyst;virtual;French Polynesia;2020-12-17T06:12:32;2020-12-16T13:13:34
